Customer,City,PostCode,State,ResolvedCity,ResolvedPostCode,Latitude,Longitude,GeocodeSource,GeocodeDisplayName
TFO (Tile Factory Outlet) Smithfield NSW,SMITHFIELD,2164,NSW,SMITHFIELD,2164,-33.8535722,150.9406861,postcode_locality_exact,"SMITHFIELD, NSW 2164"
Glues 'n Tools - Brendale QLD (COD),BRENDALE,4500,QLD,BRENDALE,4500,-27.3281779,152.9735550,postcode_locality_exact,"BRENDALE, QLD 4500"
Astro Tile Pty Ltd - Lidcombe NSW,LIDCOMBE,2141,NSW,LIDCOMBE,2141,-33.8719405,151.0413133,postcode_locality_exact,"LIDCOMBE, NSW 2141"
Cyrus Persian Carpet Gallery - QLD,BROADBEACH,4218,QLD,BROADBEACH,4218,-28.0308330,153.4319440,postcode_locality_exact,"BROADBEACH, QLD 4218"
Pacific Tiles - Sefton NSW,SEFTON,2162,NSW,SEFTON,2162,-33.8883600,151.0071300,postcode_locality_exact,"SEFTON, NSW 2162"
Trade Tilers Centre - Slacks Creek (COD),Slacks Creek,4127,QLD,SLACKS CREEK,4127,-27.6396346,153.1266005,postcode_locality_exact,"SLACKS CREEK, QLD 4127"
Carpet Call Loganlea,LOGANLEA,4131,QLD,LOGANLEA,4131,-27.6763890,153.1308330,postcode_locality_exact,"LOGANLEA, QLD 4131"
Tile Stone Paver - Acacia Ridge QLD,ACACIA RIDGE,4110,QLD,ACACIA RIDGE,4110,-27.5833330,153.0333330,postcode_locality_exact,"ACACIA RIDGE, QLD 4110"
My Tile Market (Kims Ceramics) - NSW,ROSELANDS,2196,NSW,ROSELANDS,2196,-33.9369131,151.0744610,postcode_locality_exact,"ROSELANDS, NSW 2196"
Tile Link Co - Mount Waverley VIC,MOUNT WAVERLEY,3149,VIC,MOUNT WAVERLEY,3149,-37.8772869,145.1265477,postcode_locality_exact,"MOUNT WAVERLEY, VIC 3149"
"Belle Tiles Stone, Timbers - Narellan NSW",NARELLAN,2567,NSW,NARELLAN,2567,-34.0451100,150.7370600,postcode_locality_exact,"NARELLAN, NSW 2567"
Mace Tile & Paint Depot NSW,CAMPSIE,2194,NSW,CAMPSIE,2194,-33.9105784,151.1024569,postcode_locality_exact,"CAMPSIE, NSW 2194"
Trade Tilers Centre Bethenia,BETHANIA,,QLD,Bethania,4205,-27.6918376,153.1561448,nominatim_live,"Bethania, Queensland, 4205, Australia"
Marble & Ceramic Corp Pty Ltd - NSW,BANKSMEADOW,2019,NSW,BANKSMEADOW,2019,-33.9573100,151.2069900,postcode_locality_exact,"BANKSMEADOW, NSW 2019"
Marble & Ceramic Corp Victoria Pty Ltd,SPRINGVALE,3171,VIC,SPRINGVALE,3171,-37.9473307,145.1541397,postcode_locality_exact,"SPRINGVALE, VIC 3171"
STONE OASIS,BANKSTOWN,2200,NSW,BANKSTOWN,2200,-33.9181700,151.0349700,postcode_locality_exact,"BANKSTOWN, NSW 2200"
The Tile Collective DC Woodridge,Woodridge,4114,QLD,WOODRIDGE,4114,-27.6333330,153.1000000,postcode_locality_exact,"WOODRIDGE, QLD 4114"
InRugs & Flooring Fyshwick,Fyshwick,2609,ACT,FYSHWICK,2609,-35.3290000,149.1740000,postcode_locality_exact,"FYSHWICK, ACT 2609"
Amazing Tiles & Stone - Sunshine (COD)VIC,SUNSHINE WEST,3020,VIC,SUNSHINE WEST,3020,-37.7946685,144.8187590,postcode_locality_exact,"SUNSHINE WEST, VIC 3020"
Gold Coast Tile Market - BiggeraWater QLD,BIGGERA WATERS,4216,QLD,BIGGERA WATERS,4216,-27.9308000,153.3961000,postcode_locality_exact,"BIGGERA WATERS, QLD 4216"
Western Distributors - VIC,SUNSHINE,3020,VIC,SUNSHINE,3020,-37.7836570,144.8375652,postcode_locality_exact,"SUNSHINE, VIC 3020"
CLEANERS GALLERY,RAVENHALL,3023,VIC,RAVENHALL,3023,-37.7910708,144.7257546,postcode_locality_exact,"RAVENHALL, VIC 3023"
LJ Tiles - NSW,SOUTH NOWRA,2541,NSW,SOUTH NOWRA,2541,-34.9039667,150.5994815,postcode_locality_exact,"SOUTH NOWRA, NSW 2541"
Mitre 10 - Mona Vale (784028) NSW,HEATHERTON,3202,VIC,HEATHERTON,3202,-37.9529597,145.0879338,postcode_locality_exact,"HEATHERTON, VIC 3202"
Twin Towns Sand & Gravel - NthNSW,TWEED HEADS,2486,NSW,TWEED HEADS SOUTH,2486,-28.1942932,153.5393031,postcode_locality_contains,"TWEED HEADS SOUTH, NSW 2486"
Beaumont Tiles - Tweed Heads (F) NTHNSW,TWEED HEADS SOUTH,2486,NSW,TWEED HEADS SOUTH,2486,-28.1942932,153.5393031,postcode_locality_exact,"TWEED HEADS SOUTH, NSW 2486"
Tilers Trade Warehouse Browns Plains,Browns Plains,4118,QLD,BROWNS PLAINS,4118,-27.6620444,153.0530248,postcode_locality_exact,"BROWNS PLAINS, QLD 4118"
Ken's Tile Centre HO Bundaberg -QLD,BUNDABERG,4670,QLD,BUNDABERG,4670,-24.8669736,152.3509714,postcode_locality_exact,"BUNDABERG, QLD 4670"
Elegance Tiles Moorabbin|VIC,MOORABBIN,3189,VIC,MOORABBIN,3189,-37.9403568,145.0576067,postcode_locality_exact,"MOORABBIN, VIC 3189"
The Tile Collective Herston Showroom,HERSTON,4006,QLD,HERSTON,4006,-27.4451489,153.0206887,postcode_locality_exact,"HERSTON, QLD 4006"
Beaumont Tiles - Mildura (F) VIC,MILDURA,3500,VIC,MILDURA,3500,-34.2151229,142.1169401,postcode_locality_exact,"MILDURA, VIC 3500"
Kim's Ceramics - Girraween,Girraween,2145,NSW,GIRRAWEEN,2145,-33.8012800,150.9430500,postcode_locality_exact,"GIRRAWEEN, NSW 2145"
Lume Outdoor Living - Macgregor QLD,MACGREGOR,4109,QLD,MACGREGOR,4109,-27.5619323,153.0745918,postcode_locality_exact,"MACGREGOR, QLD 4109"
The Tilers Warehouse - Brendale QLD,BRENDALE,4500,QLD,BRENDALE,4500,-27.3281779,152.9735550,postcode_locality_exact,"BRENDALE, QLD 4500"
Metro Tiles - Toowoomba QLD,Toowoomba,4350,QLD,TOOWOOMBA,4350,-27.5564884,151.9533185,postcode_locality_exact,"TOOWOOMBA, QLD 4350"
Beaumont Tiles - Dubbo (F) NSW (SOLD NEW OWNERS),DUBBO,2830,NSW,DUBBO,2830,-32.2315018,148.6329645,postcode_locality_exact,"DUBBO, NSW 2830"
Paint Factory Outlet - Guilford NSW (COD),GUILFORD,2161,NSW,GUILDFORD,2161,-33.8557329,150.9950627,postcode_locality_fuzzy,"GUILDFORD, NSW 2161"
Kim's Tiling Supplies Dulwich Hill,Dulwich Hill,2203,NSW,DULWICH HILL,2203,-33.9041707,151.1374068,postcode_locality_exact,"DULWICH HILL, NSW 2203"
Beaumont Tiles - Bundall (F) QLD,BUNDALL,4217,QLD,BUNDALL,4217,-28.0120000,153.4050000,postcode_locality_exact,"BUNDALL, QLD 4217"
Roufas Discount Paints Pty Ltd - NSW,EARLWOOD,2206,NSW,EARLWOOD,2206,-33.9224420,151.1286591,postcode_locality_exact,"EARLWOOD, NSW 2206"
Stone Haus Co,Petersham,2049,NSW,PETERSHAM,2049,-33.8962174,151.1541497,postcode_locality_exact,"PETERSHAM, NSW 2049"
Nelson Bay Tile Co - Taylors Beach NSW,TAYLORS BEACH,2316,NSW,TAYLORS BEACH,2316,-32.7511110,152.0677780,postcode_locality_exact,"TAYLORS BEACH, NSW 2316"
Beaumont Tiles - Tura Beach (F) NSW,TURA BEACH,2548,NSW,TURA BEACH,2548,-36.8500000,149.9250000,postcode_locality_exact,"TURA BEACH, NSW 2548"
Tile Fusion - VIC,MOORABBIN,3189,VIC,MOORABBIN,3189,-37.9403568,145.0576067,postcode_locality_exact,"MOORABBIN, VIC 3189"
Nerang Tiles - QLD,NERANG,4211,QLD,NERANG,4211,-27.9955560,153.3222220,postcode_locality_exact,"NERANG, QLD 4211"
Prestige Tiles - VIC,SHEPPARTON,3632,VIC,SHEPPARTON,3632,-36.3833330,145.4000000,postcode_locality_exact,"SHEPPARTON, VIC 3632"
Remarkable Furniture - Moorabbin VIC,MOORABBIN,3189,VIC,MOORABBIN,3189,-37.9403568,145.0576067,postcode_locality_exact,"MOORABBIN, VIC 3189"
Astro Tile Pty Ltd Belmore,Belmore,2192,NSW,BELMORE,2192,-33.9178204,151.0908086,postcode_locality_exact,"BELMORE, NSW 2192"
Beaumont Tiles - Shepparton (F) VIC,SHEPPARTON,3630,VIC,SHEPPARTON,3630,-36.3833330,145.4000000,postcode_locality_exact,"SHEPPARTON, VIC 3630"
Beaumont Tiles - Bairnsdale (F) VIC,BAIRNSDALE,3875,VIC,BAIRNSDALE,3875,-37.8333330,147.6166670,postcode_locality_exact,"BAIRNSDALE, VIC 3875"
K & A Cleaning Supplies - SA,NORTH PLYMPTON,5037,SA,NORTH PLYMPTON,5037,-34.9575000,138.5502780,postcode_locality_exact,"NORTH PLYMPTON, SA 5037"
Carpet Call (WA) Pty Ltd,STIRLING,6021,WA,STIRLING,6021,-31.8864480,115.8098708,postcode_locality_exact,"STIRLING, WA 6021"
Cowra Creative Tiles - NSW,COWRA,2794,NSW,COWRA,2794,-33.8281444,148.6778504,postcode_locality_exact,"COWRA, NSW 2794"
Instyle Tiles - NthNSW,ALSTONVILLE,2477,NSW,ALSTONVILLE,2477,-28.8408655,153.4495841,postcode_locality_exact,"ALSTONVILLE, NSW 2477"
Jupps Floorcoverings - Karratha (COD) WA,KARRATHA,6714,WA,KARRATHA,6714,-20.7337105,116.8447425,postcode_locality_exact,"KARRATHA, WA 6714"
Shepparton Tile & Lighting Centre-VIC,SHEPPARTON SOUTH,3630,VIC,SHEPPARTON SOUTH,3630,-36.3833330,145.4000000,postcode_locality_exact,"SHEPPARTON SOUTH, VIC 3630"
Arena Tiles - NSW,WARNERS BAY,2282,NSW,WARNERS BAY,2282,-32.9820000,151.6510000,postcode_locality_exact,"WARNERS BAY, NSW 2282"
JC's Tiling Supplies - QLD,CABOOLTURE,4510,QLD,CABOOLTURE,4510,-27.0666670,152.9666670,postcode_locality_exact,"CABOOLTURE, QLD 4510"
Wattyl Bexley - NSW,NORWEST,2153,NSW,NORWEST,2153,-33.7619106,150.9929255,postcode_locality_exact,"NORWEST, NSW 2153"
Eden Living - Capalaba QLD,CLEVELAND,4163,QLD,CLEVELAND,4163,-27.5334347,153.2667742,postcode_locality_exact,"CLEVELAND, QLD 4163"
Hutchinsons Tile Centre - NSW,MURWILLUMBA,2484,NSW,MURWILLUMBAH,2484,-28.3322568,153.3827556,postcode_locality_contains,"MURWILLUMBAH, NSW 2484"
Rugs Galore - VIC,BLACKBURN,3130,VIC,BLACKBURN,3130,-37.8197129,145.1530529,postcode_locality_exact,"BLACKBURN, VIC 3130"
Yamba Tiles & Light - NTHNSW,YAMBA,2464,NSW,YAMBA,2464,-29.4332211,153.3406236,postcode_locality_exact,"YAMBA, NSW 2464"
Epoxy Warehouse,Silverwater,2129,NSW,Silverwater,2128,-33.8348810,151.0471218,nominatim_live,"Silverwater, City of Parramatta Council, New South Wales, 2128, Australia"
C & L Tool Centre,Banyo,4014,QLD,BANYO,4014,-27.3796668,153.0812456,postcode_locality_exact,"BANYO, QLD 4014"
Fulton Bricks & Paving Supplies - VIC,WANTIRNA,3152,VIC,WANTIRNA,3152,-37.8479567,145.2289289,postcode_locality_exact,"WANTIRNA, VIC 3152"
Remarkable Furniture - Nunawading VIC,NUNAWADING,3131,VIC,NUNAWADING,3131,-37.8184273,145.1760206,postcode_locality_exact,"NUNAWADING, VIC 3131"
Ballarat Tiles Elegance |VIC,DELACOMBE,3356,VIC,DELACOMBE,3356,-37.5890000,143.8140000,postcode_locality_exact,"DELACOMBE, VIC 3356"
Inspirations Paint Clarence Coast - Grafton/Yamba,GRAFTON,2460,NSW,GRAFTON,2460,-29.6816894,152.9336547,postcode_locality_exact,"GRAFTON, NSW 2460"
Rug Plaza - Taigum/Chermside QLD (COD),TAIGUM,4018,QLD,TAIGUM,4018,-27.3500000,153.0500000,postcode_locality_exact,"TAIGUM, QLD 4018"
Carpet Court Horsham,Horsham,3400,VIC,HORSHAM,3400,-36.7204107,142.1806128,postcode_locality_exact,"HORSHAM, VIC 3400"
GD Building Supplies,Coopers Plains,4108,QLD,COOPERS PLAINS,4108,-27.5703000,153.0372000,postcode_locality_exact,"COOPERS PLAINS, QLD 4108"
Beaumont Tiles - Dubbo (NEW OWNERS) 16.12.25 USE,DUBBO,2830,NSW,DUBBO,2830,-32.2315018,148.6329645,postcode_locality_exact,"DUBBO, NSW 2830"
Beaumont Tiles - Wodonga (F) VIC,WODONGA,3690,VIC,WODONGA,3690,-36.1240938,146.8817639,postcode_locality_exact,"WODONGA, VIC 3690"
The Tile Place - Mt Gambier SA,MT GAMBIER WEST,5291,SA,MOUNT GAMBIER WEST,5291,-37.8284212,140.7803529,postcode_locality_exact,"MOUNT GAMBIER WEST, SA 5291"
The Tile Collective Underwood,UNDERWOOD,4119,QLD,UNDERWOOD,4119,-27.6092593,153.1119105,postcode_locality_exact,"UNDERWOOD, QLD 4119"
Bryant Building Contractors,SMITHFIELD,4870,QLD,WHITFIELD,4870,-16.8894437,145.7328348,postcode_locality_fuzzy,"WHITFIELD, QLD 4870"
Tempe Tile Centre - NSW,TEMPE,2044,NSW,TEMPE,2044,-33.9250480,151.1604169,postcode_locality_exact,"TEMPE, NSW 2044"
Superb Tiles Springvale - VIC,SPRINGVALE,3171,VIC,SPRINGVALE,3171,-37.9473307,145.1541397,postcode_locality_exact,"SPRINGVALE, VIC 3171"
Lilydale Tiles - Lilydale VIC,MONTROSE,3765,VIC,MONTROSE,3765,-37.8083883,145.3530650,postcode_locality_exact,"MONTROSE, VIC 3765"
Elegance Tiles by Martinengo Thomastown,THOMASTOWN,3074,VIC,THOMASTOWN,3074,-37.6837819,145.0107588,postcode_locality_exact,"THOMASTOWN, VIC 3074"
Penhalluriack's Building Supplies - VIC,CAULFIELD,3162,VIC,CAULFIELD,3162,-37.8840000,145.0266000,postcode_locality_exact,"CAULFIELD, VIC 3162"
Beaumont Tiles - Marleston (HO) SA,ADELAIDE BC,5000,SA,ADELAIDE BC,5000,-34.9304000,138.5890000,postcode_locality_exact,"ADELAIDE BC, SA 5000"
Tile Haus (form Concept Tiles) Toowoomba,Toowoomba,,QLD,Toowoomba,4350,-27.5610193,151.9533510,nominatim_live,"Toowoomba, Toowoomba Regional, Queensland, 4350, Australia"
Dales Discount - VIC,CASTLEMAINE,3450,VIC,CASTLEMAINE,3450,-37.0581360,144.2185006,postcode_locality_exact,"CASTLEMAINE, VIC 3450"
Shoreside Tiling Supplies - (COD),WARNERS BAY,2282,NSW,WARNERS BAY,2282,-32.9820000,151.6510000,postcode_locality_exact,"WARNERS BAY, NSW 2282"
Peninsula Tiles & Stone - CapelSound (COD,CAPEL SOUND,3940,VIC,CAPEL SOUND,3940,-38.3745000,144.8790000,postcode_locality_exact,"CAPEL SOUND, VIC 3940"
Tile Design - Leumeah NSW (COD),LEUMEAH,2560,NSW,LEUMEAH,2560,-34.0554600,150.8332800,postcode_locality_exact,"LEUMEAH, NSW 2560"
Mitre 10 - Murwillumbah (783690) NSW,HEATHERTON,3202,VIC,HEATHERTON,3202,-37.9529597,145.0879338,postcode_locality_exact,"HEATHERTON, VIC 3202"
Rossetto Tiles - Hobart-TAS,INVERMAY,7248,TAS,INVERMAY,7248,-41.4205699,147.1321740,postcode_locality_exact,"INVERMAY, TAS 7248"
De Fazio Tiles & Stone - VIC,BRUNSWICK,3056,VIC,BRUNSWICK,3056,-37.7666099,144.9584302,postcode_locality_exact,"BRUNSWICK, VIC 3056"
Geisha Ceramics - QLD (COD),Slacks Creek,4127,QLD,SLACKS CREEK,4127,-27.6396346,153.1266005,postcode_locality_exact,"SLACKS CREEK, QLD 4127"
Kim's Tiling Supplies MTM Fyshwick,Fyshwick,2609,ACT,FYSHWICK,2609,-35.3290000,149.1740000,postcode_locality_exact,"FYSHWICK, ACT 2609"
Schots Home Emporium - VIC,CLIFTON HILL,3068,VIC,CLIFTON HILL,3068,-37.7877787,145.0002125,postcode_locality_exact,"CLIFTON HILL, VIC 3068"
Tuggerah Tiles - Tuggerah NSW,Tuggerah,2259,NSW,TUGGERAH,2259,-33.2990000,151.4350000,postcode_locality_exact,"TUGGERAH, NSW 2259"
Elegance Tiles by AVJ Ceramics|VIC,DANDENONG,3175,VIC,DANDENONG,3175,-37.9847811,145.2139907,postcode_locality_exact,"DANDENONG, VIC 3175"
Tile Trends Tweed Heads - NSW (DGT P/L),TWEED HEADS,2486,NSW,TWEED HEADS SOUTH,2486,-28.1942932,153.5393031,postcode_locality_contains,"TWEED HEADS SOUTH, NSW 2486"
Beaumont Tiles - Lilydale (F) VIC,LILYDALE,3140,VIC,LILYDALE,3140,-37.7643547,145.3475331,postcode_locality_exact,"LILYDALE, VIC 3140"
Elegance Tiles by The Tile Place|Mitcham,RINGWOOD NORTH,3134,VIC,RINGWOOD NORTH,3134,-37.7998830,145.2268770,postcode_locality_exact,"RINGWOOD NORTH, VIC 3134"
Keating Bros Hardware Mitre 10 Store 259705,Chinchilla,4413,QLD,CHINCHILLA,4413,-26.7553996,150.6284922,postcode_locality_exact,"CHINCHILLA, QLD 4413"
Mayne Rugs - Fairfield - NSW (COD),FAIRFIELD,1860,NSW,FAIRFIELD,1860,-33.8705856,150.9564102,postcode_locality_exact,"FAIRFIELD, NSW 1860"
Wollongong Tile & Bathroom Warehouse,WARRAWONG,2502,NSW,WARRAWONG,2502,-34.4844440,150.8875000,postcode_locality_exact,"WARRAWONG, NSW 2502"
Inspirations Paint - Oxenford QLD,WARNERS BAY,2282,NSW,WARNERS BAY,2282,-32.9820000,151.6510000,postcode_locality_exact,"WARNERS BAY, NSW 2282"
Daydream Leisure Furniture,Warana,4575,QLD,WARANA,4575,-26.7230000,153.1300000,postcode_locality_exact,"WARANA, QLD 4575"
Beaumont Tiles - Penrith (F) NSW,NARELLAN,2567,NSW,NARELLAN,2567,-34.0451100,150.7370600,postcode_locality_exact,"NARELLAN, NSW 2567"
Semann Stone Pty Ltd - NSW (COD),ASHFIELD,2131,NSW,ASHFIELD,2131,-33.8904917,151.1254852,postcode_locality_exact,"ASHFIELD, NSW 2131"
Beaumont Tiles - Marsden Park (F) NSW,MARSDEN PARK,2765,NSW,MARSDEN PARK,2765,-33.6890800,150.8028500,postcode_locality_exact,"MARSDEN PARK, NSW 2765"
Initial Tiles Minichinbury NSW,MINCHINBURY,2770,NSW,MINCHINBURY,2770,-33.7896243,150.8369469,postcode_locality_exact,"MINCHINBURY, NSW 2770"
Toowoomba Tiles - QLD,Toowoomba,4350,QLD,TOOWOOMBA,4350,-27.5564884,151.9533185,postcode_locality_exact,"TOOWOOMBA, QLD 4350"
The Outdoor Scene - Somerton Park (SA),SOMERTON PARK,5044,SA,SOMERTON PARK,5044,-34.9954100,138.5214610,postcode_locality_exact,"SOMERTON PARK, SA 5044"
Beaumont Tiles - Ballina (F) NthNSW,BALLINA,2478,NSW,BALLINA,2478,-28.8379654,153.5629067,postcode_locality_exact,"BALLINA, NSW 2478"
Instyle Rugs & Flooring - Fyshwick (COD),Fyshwick,2609,ACT,FYSHWICK,2609,-35.3290000,149.1740000,postcode_locality_exact,"FYSHWICK, ACT 2609"
Independent Hardware Group - WA 872386,HEATHERTON,3202,VIC,HEATHERTON,3202,-37.9529597,145.0879338,postcode_locality_exact,"HEATHERTON, VIC 3202"
Andersens - Atherton - QLD,GATTON,4343,QLD,GATTON,4343,-27.5635802,152.2799793,postcode_locality_exact,"GATTON, QLD 4343"
Stoneworx Marble & Granite - NSW (COD),NORTHMEAD,2152,NSW,NORTHMEAD,2152,-33.7897400,150.9921094,postcode_locality_exact,"NORTHMEAD, NSW 2152"
Total Concrete Supplies Mittagong,Mittagong,2575,NSW,MITTAGONG,2575,-34.4500000,150.4500000,postcode_locality_exact,"MITTAGONG, NSW 2575"
Beautiful Tiles - NSW,SMITHFIELD,2164,NSW,SMITHFIELD,2164,-33.8535722,150.9406861,postcode_locality_exact,"SMITHFIELD, NSW 2164"
Loyal Rugs And Floors -Fyshwick ACT (COD),Fyshwick,2609,ACT,FYSHWICK,2609,-35.3290000,149.1740000,postcode_locality_exact,"FYSHWICK, ACT 2609"
ASCOT TEAK,ANNANDALE,2038,NSW,ANNANDALE,2038,-33.8824062,151.1723645,postcode_locality_exact,"ANNANDALE, NSW 2038"
Corrimal Discount Tiles - NSW,CORRIMAL,2518,NSW,CORRIMAL,2518,-34.3666670,150.8916670,postcode_locality_exact,"CORRIMAL, NSW 2518"
Beaumont Tiles - Mackay (F) QLD,MACKAY,4740,QLD,MACKAY,4740,-21.1424956,149.1821469,postcode_locality_exact,"MACKAY, QLD 4740"
Beaumont Tiles - Mount Barker (F) SA,MOUNT BARKER,5251,SA,MOUNT BARKER,5251,-35.0809029,138.8634671,postcode_locality_exact,"MOUNT BARKER, SA 5251"
Beaumont Tiles - Gepps Cross (F) SA,GEPPS CROSS,5085,SA,Gepps Cross,5094,-34.8423859,138.6044271,nominatim_live,"Gepps Cross, South Australia, 5094, Australia"
Sunlite Mitre 10 - Peakhurst (871384),PEAKHURST,2210,NSW,PEAKHURST,2210,-33.9654000,151.0502000,postcode_locality_exact,"PEAKHURST, NSW 2210"
Johnson Tiles Pty Ltd,Wantirna South,3152,VIC,WANTIRNA SOUTH,3152,-37.8769518,145.2329617,postcode_locality_exact,"WANTIRNA SOUTH, VIC 3152"
Astro Tile - Broadmeadow/Newcastle NSW,BROADMEADOW,2292,NSW,BROADMEADOW,2292,-32.9251756,151.7341816,postcode_locality_exact,"BROADMEADOW, NSW 2292"
Beaumont Tiles - Geelong Nth (F) VIC,NORTH GEELONG,3215,VIC,NORTH GEELONG,3215,-38.1093956,144.3521811,postcode_locality_exact,"NORTH GEELONG, VIC 3215"
Griffith Tile Centre - NSW (COD),Griffith,2680,NSW,GRIFFITH,2680,-34.2800883,146.0455313,postcode_locality_exact,"GRIFFITH, NSW 2680"
Patterson Tiles & Stone Showroom,BUNDABERG,4670,QLD,BUNDABERG,4670,-24.8669736,152.3509714,postcode_locality_exact,"BUNDABERG, QLD 4670"
Parkes Tile & Bathroom - NSW (COD),PARKES,2870,NSW,PARKES,2870,-33.1372943,148.1747161,postcode_locality_exact,"PARKES, NSW 2870"
Tiles Flooring & Bathroom Centre - QLD,BURLEIGH HEADS,4220,QLD,BURLEIGH HEADS,4220,-28.0963527,153.4331163,postcode_locality_exact,"BURLEIGH HEADS, QLD 4220"
Mortar Mart - Caringbah NSW (TOP NOTCH TOOLS),CARINGBAH,2229,NSW,CARINGBAH,2229,-34.0452000,151.1218000,postcode_locality_exact,"CARINGBAH, NSW 2229"
NATURAL STONE AND SLATE,Doreen,3754,VIC,DOREEN,3754,-37.6050000,145.1460000,postcode_locality_exact,"DOREEN, VIC 3754"
Dada Tiles - NSW,MINCHINBURY,2770,NSW,MINCHINBURY,2770,-33.7896243,150.8369469,postcode_locality_exact,"MINCHINBURY, NSW 2770"
Sydney Ceramic Tile Wizards - LansvaleNSW,LANSVALE,2166,NSW,LANSVALE,2166,-33.9069130,150.9685549,postcode_locality_exact,"LANSVALE, NSW 2166"
Coastal Tiles - Erina - NSW,ERINA,2250,NSW,ERINA,2250,-33.4400000,151.3930000,postcode_locality_exact,"ERINA, NSW 2250"
Cane City Flooring - Mackay QLD,PAGET,4740,QLD,PAGET,4740,-21.1870890,149.1788204,postcode_locality_exact,"PAGET, QLD 4740"
Gambier Tile Centre - SA,MOUNT GAMBIER,5290,SA,MOUNT GAMBIER,5290,-37.8256039,140.7712393,postcode_locality_exact,"MOUNT GAMBIER, SA 5290"
South Coast Tile & Slate - NSW,OAK FLATS,2529,NSW,OAK FLATS,2529,-34.5619440,150.8188890,postcode_locality_exact,"OAK FLATS, NSW 2529"
Andersens - Mareeba QLD,GATTON,4343,QLD,GATTON,4343,-27.5635802,152.2799793,postcode_locality_exact,"GATTON, QLD 4343"
Vic Tiles Dandenong,Dandenong South,3175,VIC,DANDENONG SOUTH,3175,-38.0146698,145.2153096,postcode_locality_exact,"DANDENONG SOUTH, VIC 3175"
Thomsons Garden Centre - Orange NSW,EAST ORANGE,2800,NSW,ORANGE,2800,-33.2833330,149.1000000,postcode_locality_contains,"ORANGE, NSW 2800"
Mitcham Tile Centre - VIC,NUNAWADING,3131,VIC,NUNAWADING,3131,-37.8184273,145.1760206,postcode_locality_exact,"NUNAWADING, VIC 3131"
Stone Arc Tiles & Stone - NSW (COD),KINCUMBER,2251,NSW,KINCUMBER,2251,-33.4650000,151.3930000,postcode_locality_exact,"KINCUMBER, NSW 2251"
Cascades Stone Pty Ltd - QLD,BURLEIGH HEADS,4220,QLD,BURLEIGH HEADS,4220,-28.0963527,153.4331163,postcode_locality_exact,"BURLEIGH HEADS, QLD 4220"
BBC Tile Centre - Padstow/Rockdale NSW,PADSTOW,2211,NSW,PADSTOW,2211,-33.9504502,151.0309000,postcode_locality_exact,"PADSTOW, NSW 2211"
Beaumont Tiles - Victor Harbor (F) SA,VICTOR HARBOR,5211,SA,VICTOR HARBOR,5211,-35.5500000,138.6166670,postcode_locality_exact,"VICTOR HARBOR, SA 5211"
Beaumont Tiles - Ballarat (F) VIC,BALLARAT,3350,VIC,BALLARAT,3350,-37.5691087,143.8563224,postcode_locality_exact,"BALLARAT, VIC 3350"
Traditional Tiles - Sumner Park - QLD,SUMNER PARK,4074,QLD,SUMNER,4074,-27.5666670,152.9333330,postcode_locality_contains,"SUMNER, QLD 4074"
The Ipswich Tile Shed - QLD (COD),NORTH IPSWICH,4305,QLD,NORTH IPSWICH,4305,-27.5839665,152.7588440,postcode_locality_exact,"NORTH IPSWICH, QLD 4305"
North East Tile Centre|VIC,WANGARATTA,3676,VIC,WANGARATTA,3676,-36.3682777,146.3172149,postcode_locality_exact,"WANGARATTA, VIC 3676"
Tile City Centre - Bathurst NSW (COD),BATHURST,2795,NSW,BATHURST,2795,-33.4192822,149.5775008,postcode_locality_exact,"BATHURST, NSW 2795"
Sydney Online Rugs,Saint Ives,2075,NSW,ST IVES,2075,-33.7213600,151.1684400,postcode_locality_exact,"ST IVES, NSW 2075"
Rossetto Tiles Invermay - Launceston TAS,INVERMAY,7248,TAS,INVERMAY,7248,-41.4205699,147.1321740,postcode_locality_exact,"INVERMAY, TAS 7248"
Beaumont Tiles - Ascot Vale (F) VIC,ASCOT VALE,3032,VIC,ASCOT VALE,3032,-37.7767444,144.9110705,postcode_locality_exact,"ASCOT VALE, VIC 3032"
Beaumont Tiles - Warrnambool (F) VIC,WARRNAMBOOL,3280,VIC,WARRNAMBOOL,3280,-38.3686779,142.4982086,postcode_locality_exact,"WARRNAMBOOL, VIC 3280"
Spec Tiles - NSW (COD),NORTH MEAD,2152,NSW,NORTHMEAD,2152,-33.7897400,150.9921094,postcode_locality_exact,"NORTHMEAD, NSW 2152"
Beaumont Tiles - Wonthaggi (F) VIC,WONTHAGGI,3995,VIC,WONTHAGGI,3995,-38.6089501,145.5911028,postcode_locality_exact,"WONTHAGGI, VIC 3995"
Mandurah Tile & Stone Co. - WA,MANDURAH,6210,WA,MANDURAH,6210,-32.5461633,115.7220148,postcode_locality_exact,"MANDURAH, WA 6210"
Westside Tiles - Wallsend NSW,WALLSEND,2287,NSW,WALLSEND,2287,-32.8980000,151.6680000,postcode_locality_exact,"WALLSEND, NSW 2287"
San Marco Tile Gallery - Thomastown - VIC,THOMASTOWN,3074,VIC,THOMASTOWN,3074,-37.6837819,145.0107588,postcode_locality_exact,"THOMASTOWN, VIC 3074"
Dress Your Space - Geelong VIC,Grovedale,3216,VIC,GROVEDALE,3216,-38.2000000,144.3500000,postcode_locality_exact,"GROVEDALE, VIC 3216"
The Tile Collective Labrador,LABRADOR,4215,QLD,LABRADOR,4215,-27.9480090,153.3977316,postcode_locality_exact,"LABRADOR, QLD 4215"
Danlaid Australia - Head Office,Mordialloc,3195,VIC,MORDIALLOC,3195,-37.9995418,145.0940302,postcode_locality_exact,"MORDIALLOC, VIC 3195"
Choices North Bega - NSW (COD),NORTH BEGA,2550,NSW,BEGA,2550,-36.6889097,149.8416404,postcode_locality_contains,"BEGA, NSW 2550"
Beaumont Tiles - Capalaba (F) QLD,Capalaba,4157,QLD,CAPALABA,4157,-27.5229940,153.1927000,postcode_locality_exact,"CAPALABA, QLD 4157"
Builders Discount Warehouse - BrendaleQLD,BRENDALE,4500,QLD,BRENDALE,4500,-27.3281779,152.9735550,postcode_locality_exact,"BRENDALE, QLD 4500"
Royal Stone Smithfield,SMITHFIELD,2164,NSW,SMITHFIELD,2164,-33.8535722,150.9406861,postcode_locality_exact,"SMITHFIELD, NSW 2164"
Paradise Living - Murwillumbah NNSW (COD),SOUTH MURWILLUMBAH,2484,NSW,SOUTH MURWILLUMBAH,2484,-28.3406514,153.4095259,postcode_locality_exact,"SOUTH MURWILLUMBAH, NSW 2484"
Elegance Tiles Conidi Tiles Swan Hill,SWAN HILL,3585,VIC,SWAN HILL,3585,-35.3396318,143.5524803,postcode_locality_exact,"SWAN HILL, VIC 3585"
Great Lakes Ceramics - Forster NSW (COD),FORSTER,2428,NSW,FORSTER,2428,-32.1805560,152.5116670,postcode_locality_exact,"FORSTER, NSW 2428"
Burleigh Tiles & Slate - QLD,BURLEIGH HEADS,4220,QLD,BURLEIGH HEADS,4220,-28.0963527,153.4331163,postcode_locality_exact,"BURLEIGH HEADS, QLD 4220"
Triple J Plasterboard & Tiles - QLD,WEST IPSWICH,4305,QLD,WEST IPSWICH,4305,-27.6166670,152.7500000,postcode_locality_exact,"WEST IPSWICH, QLD 4305"
Rugs and Flooring - Capalaba (form Persian rug hou,Capalaba,4157,QLD,CAPALABA,4157,-27.5229940,153.1927000,postcode_locality_exact,"CAPALABA, QLD 4157"
Ceramic World & Home Improvement CentreSA,ST AGNES,5097,SA,ST AGNES,5097,-34.8302780,138.7111110,postcode_locality_exact,"ST AGNES, SA 5097"
Mandurah Tile & Stone (Harry Hardings) WA,MANDURAH,6210,WA,MANDURAH,6210,-32.5461633,115.7220148,postcode_locality_exact,"MANDURAH, WA 6210"
Carpet Country - Traralgon/Sale VIC (COD),TRARALGON,3844,VIC,TRARALGON,3844,-38.2033531,146.5197860,postcode_locality_exact,"TRARALGON, VIC 3844"
Re-Seal Bathrooms - Fyshwick ACT,Fyshwick,2609,ACT,FYSHWICK,2609,-35.3290000,149.1740000,postcode_locality_exact,"FYSHWICK, ACT 2609"
Lakes Tiles - Charmhaven - NSW,CHARMHAVEN,2263,NSW,CHARMHAVEN,2263,-33.2268985,151.4960868,postcode_locality_exact,"CHARMHAVEN, NSW 2263"
Airlie Tiles & Design Studio - QLD,CANNONVALE,4802,QLD,CANNONVALE,4802,-20.2787030,148.6994360,postcode_locality_exact,"CANNONVALE, QLD 4802"
GO Tiles - Underwood (COD) QLD,UNDERWOOD,4119,QLD,UNDERWOOD,4119,-27.6092593,153.1119105,postcode_locality_exact,"UNDERWOOD, QLD 4119"
Natural Tile - QLD (Mansell & Wells P/L),COOLUM BEACH,4573,QLD,COOLUM BEACH,4573,-26.5276917,153.0736329,postcode_locality_exact,"COOLUM BEACH, QLD 4573"
The Tile Shop - Parafield SA,PARAFIELD,5106,SA,PARAFIELD,5106,-34.7900000,138.6350000,postcode_locality_exact,"PARAFIELD, SA 5106"
Uptiles Strathpine - QLD,STRATHPINE,4500,QLD,STRATHPINE,4500,-27.3013875,152.9882693,postcode_locality_exact,"STRATHPINE, QLD 4500"
Traditional Tiles & Flooring - Cairns QLD,WOREE,4870,QLD,Woree,4868,-16.9604660,145.7448849,nominatim_live,"Woree, Cairns, Cairns Regional, Queensland, 4868, Australia"
Beaumont Tiles - Ringwood (F) VIC,RINGWOOD,3134,VIC,RINGWOOD,3134,-37.8106372,145.2307011,postcode_locality_exact,"RINGWOOD, VIC 3134"
Just Bathrooms - Unanderra NSW (COD),UNANDERRA,2526,NSW,UNANDERRA,2526,-34.4536110,150.8447220,postcode_locality_exact,"UNANDERRA, NSW 2526"
Beaumont Tiles - Gawler/Evanston (F) SA,EVANSTON,5116,SA,EVANSTON,5116,-34.6161110,138.7316670,postcode_locality_exact,"EVANSTON, SA 5116"
BEAUMONT TILES - MURRAY BRIDGE (F) SA,MURRAY BRIDGE,5253,SA,MURRAY BRIDGE,5253,-35.1311491,139.2650902,postcode_locality_exact,"MURRAY BRIDGE, SA 5253"
Color Tile Pty Ltd - Coffs Harbour NthNSW,COFFS HARBOUR,2450,NSW,COFFS HARBOUR,2450,-30.2986120,153.1093922,postcode_locality_exact,"COFFS HARBOUR, NSW 2450"
Mitre 10 - Diamond Valley (784267) VIC,HEATHERTON,3202,VIC,HEATHERTON,3202,-37.9529597,145.0879338,postcode_locality_exact,"HEATHERTON, VIC 3202"
Bowral Rug Gallery - Bowral (COD) NSW,BOWRAL,2576,NSW,BOWRAL,2576,-34.4791670,150.4180560,postcode_locality_exact,"BOWRAL, NSW 2576"
World of Tiles - Castle Hill NSW,CASTLE HILL,2154,NSW,CASTLE HILL,2154,-33.7270691,150.9947439,postcode_locality_exact,"CASTLE HILL, NSW 2154"
Kayone Trading Company - VIC,MOORABBIN,3189,VIC,MOORABBIN,3189,-37.9403568,145.0576067,postcode_locality_exact,"MOORABBIN, VIC 3189"
Discount Tile Warehouse / Save on Tiles Pty Ltd,Slacks Creek,4127,QLD,SLACKS CREEK,4127,-27.6396346,153.1266005,postcode_locality_exact,"SLACKS CREEK, QLD 4127"
Beaumont Tiles - Warragul (F) VIC,WARRAGUL,3820,VIC,WARRAGUL,3820,-38.1537515,145.9297824,postcode_locality_exact,"WARRAGUL, VIC 3820"
Mitre 10 - Singleton (784516) NSW,HEATHERTON,3202,VIC,HEATHERTON,3202,-37.9529597,145.0879338,postcode_locality_exact,"HEATHERTON, VIC 3202"
Kim & Soo Trading Pty Ltd,BROOKVALE,2100,NSW,BROOKVALE,2100,-33.7653000,151.2704100,postcode_locality_exact,"BROOKVALE, NSW 2100"
Empire Tiles - NSW,LEUMEAH,2560,NSW,LEUMEAH,2560,-34.0554600,150.8332800,postcode_locality_exact,"LEUMEAH, NSW 2560"
Inspirations Paint - Nerang QLD,WARNERS BAY,2282,NSW,WARNERS BAY,2282,-32.9820000,151.6510000,postcode_locality_exact,"WARNERS BAY, NSW 2282"
Mitre 10 - Annandale (140368) NSW,HEATHERTON,3202,VIC,HEATHERTON,3202,-37.9529597,145.0879338,postcode_locality_exact,"HEATHERTON, VIC 3202"
Beaumont Tiles - Bathurst (F) NSW,BATHURST,2795,NSW,BATHURST,2795,-33.4192822,149.5775008,postcode_locality_exact,"BATHURST, NSW 2795"
Choices Flooring Warwick,Warwick,4370,QLD,WARWICK,4370,-28.2157285,152.0281701,postcode_locality_exact,"WARWICK, QLD 4370"
Tile House Siverwater NSW,Silverwater,2128,NSW,SILVERWATER,2128,-33.8343506,151.0442244,postcode_locality_exact,"SILVERWATER, NSW 2128"
Jerry & The Tilemakers SunshineCoast (COD,Warana,4575,QLD,WARANA,4575,-26.7230000,153.1300000,postcode_locality_exact,"WARANA, QLD 4575"
Life's Tiles - Lonsdale SA,LONSDALE,5160,SA,LONSDALE,5160,-35.1065870,138.4937213,postcode_locality_exact,"LONSDALE, SA 5160"
Stone & Tile Co,Jamisontown (Penrith),2750,NSW,JAMISONTOWN,2750,-33.7682900,150.6723800,postcode_locality_exact,"JAMISONTOWN, NSW 2750"
Mudgee Tile Centre - NSW (COD),MUDGEE,2850,NSW,MUDGEE,2850,-32.6144566,149.5733291,postcode_locality_exact,"MUDGEE, NSW 2850"
Mint Tiles - VIC,DINGLEY VILLAGE,3172,VIC,DINGLEY VILLAGE,3172,-37.9757588,145.1226002,postcode_locality_exact,"DINGLEY VILLAGE, VIC 3172"
Bask Outdoor Living - Bundall QLD,GCMC BUNDALL,4217,QLD,BUNDALL,4217,-28.0120000,153.4050000,postcode_locality_exact,"BUNDALL, QLD 4217"
Signature Tiles - VIC,YARRAWONGA,3730,VIC,YARRAWONGA,3730,-36.0271135,145.9990577,postcode_locality_exact,"YARRAWONGA, VIC 3730"
Wattyl Penrith - NSW,NORWEST,2153,NSW,NORWEST,2153,-33.7619106,150.9929255,postcode_locality_exact,"NORWEST, NSW 2153"
Beaumont Tiles - Blackburn (F) VIC,BOX HILL,3128,VIC,BOX HILL,3128,-37.8181073,145.1238563,postcode_locality_exact,"BOX HILL, VIC 3128"
FC Walker & Sons - VIC,NEWTOWN,3220,VIC,NEWTOWN,3220,-38.1500000,144.3330000,postcode_locality_exact,"NEWTOWN, VIC 3220"
Grand Tiling Concepts,Thornbury,3071,VIC,THORNBURY,3071,-37.7600493,145.0080039,postcode_locality_exact,"THORNBURY, VIC 3071"
Sherrie's Slate Stone & Tiles - VIC,LENNOX HEAD,2478,NSW,LENNOX HEAD,2478,-28.8000000,153.5833330,postcode_locality_exact,"LENNOX HEAD, NSW 2478"
Euro Abrasives - NSW,ST PETERS,2044,NSW,ST PETERS,2044,-33.9155155,151.1746184,postcode_locality_exact,"ST PETERS, NSW 2044"
Remarkable Outdoor Living-Pymble NSW,PYMBLE,2073,NSW,PYMBLE,2073,-33.7456508,151.1431794,postcode_locality_exact,"PYMBLE, NSW 2073"
Mitre 10 - Coolum Beach (784577),COOLUM BEACH,4573,QLD,COOLUM BEACH,4573,-26.5276917,153.0736329,postcode_locality_exact,"COOLUM BEACH, QLD 4573"
Vanrob T/A Beaumont Tiles Murray Bridge,MURRAY BRIDGE,5253,SA,MURRAY BRIDGE,5253,-35.1311491,139.2650902,postcode_locality_exact,"MURRAY BRIDGE, SA 5253"
MELBOURNE RUGS,COLLINGWOOD,3066,VIC,COLLINGWOOD,3066,-37.8009595,144.9873447,postcode_locality_exact,"COLLINGWOOD, VIC 3066"
The Slate Man - ACT,Mitchell,2911,ACT,MITCHELL,2911,-35.2152780,149.1408330,postcode_locality_exact,"MITCHELL, ACT 2911"
Tige's Tiles Nowra - NSW (COD),ULLADULLA,2539,NSW,ULLADULLA,2539,-35.3572426,150.4613249,postcode_locality_exact,"ULLADULLA, NSW 2539"
Mitre 10 - Niddrie (784082) VIC,HEATHERTON,3202,VIC,HEATHERTON,3202,-37.9529597,145.0879338,postcode_locality_exact,"HEATHERTON, VIC 3202"
Beaumont Tiles - Enoggera (F) QLD,Enoggera,4051,QLD,ENOGGERA,4051,-27.4280000,152.9780000,postcode_locality_exact,"ENOGGERA, QLD 4051"
Beaumont Tiles - Swan Hill (F) Old Owner,SWAN HILL,3585,VIC,SWAN HILL,3585,-35.3396318,143.5524803,postcode_locality_exact,"SWAN HILL, VIC 3585"
Peninsula Wall & Floor Tiles - (COD) NSW,UMINA BEACH,2257,NSW,UMINA BEACH,2257,-33.5287460,151.3075030,postcode_locality_exact,"UMINA BEACH, NSW 2257"
Paintwurx Paint Place Moss Vale,MOSS VALE,2577,NSW,MOSS VALE,2577,-34.5505710,150.3964283,postcode_locality_exact,"MOSS VALE, NSW 2577"
Metric Tiles - Springvale-VIC,SPRINGVALE,3171,VIC,SPRINGVALE,3171,-37.9473307,145.1541397,postcode_locality_exact,"SPRINGVALE, VIC 3171"
Mid Coast Tiles Urunga - NSW (COD),URUNGA,2455,NSW,URUNGA,2455,-30.5198264,152.9794406,postcode_locality_exact,"URUNGA, NSW 2455"
Tile Power - Dubbo - NSW,DUBBO,2830,NSW,DUBBO,2830,-32.2315018,148.6329645,postcode_locality_exact,"DUBBO, NSW 2830"
Joshua Tiles,Keysborough,3173,VIC,KEYSBOROUGH,3173,-38.0042683,145.1706992,postcode_locality_exact,"KEYSBOROUGH, VIC 3173"
Rosebud Tile & Carpet Court,Rosebud,3939,VIC,ROSEBUD,3939,-38.3560000,144.9180000,postcode_locality_exact,"ROSEBUD, VIC 3939"
Creative 8 Flooring,MULGRAVE,2756,NSW,MULGRAVE,2756,-33.6150000,150.8280000,postcode_locality_exact,"MULGRAVE, NSW 2756"
Nu Wave Auto Spa,Griffith,2680,NSW,GRIFFITH,2680,-34.2800883,146.0455313,postcode_locality_exact,"GRIFFITH, NSW 2680"
The Hardware Shed Grafton - NSW (MEM1154),GRAFTON,2460,NSW,GRAFTON,2460,-29.6816894,152.9336547,postcode_locality_exact,"GRAFTON, NSW 2460"
MTP Marble Granite Sandstone - NSW (COD),LEICHHARDT,2040,NSW,LEICHHARDT,2040,-33.8837222,151.1570280,postcode_locality_exact,"LEICHHARDT, NSW 2040"
Beaumont Tiles - Swan Hill (F) VIC,SWAN HILL,3585,VIC,SWAN HILL,3585,-35.3396318,143.5524803,postcode_locality_exact,"SWAN HILL, VIC 3585"
Beaumont Tiles - Warwick (F) QLD,Warwick,4370,QLD,WARWICK,4370,-28.2157285,152.0281701,postcode_locality_exact,"WARWICK, QLD 4370"
Saray Rugs,Lurnea,2170,NSW,LURNEA,2170,-33.9326000,150.9008260,postcode_locality_exact,"LURNEA, NSW 2170"
Seymour Hardware Group,Seymour,3660,VIC,SEYMOUR,3660,-37.0160797,145.1619887,postcode_locality_exact,"SEYMOUR, VIC 3660"
Simply Interiors,Kingsford,2032,NSW,KINGSFORD,2032,-33.9245700,151.2276500,postcode_locality_exact,"KINGSFORD, NSW 2032"
The Tile Merchants - QLD,VIRGINIA,4014,QLD,VIRGINIA,4014,-27.3760000,153.0650000,postcode_locality_exact,"VIRGINIA, QLD 4014"
The Tile Mob - Mitchelton QLD,MITCHELTON,4053,QLD,MITCHELTON,4053,-27.4100000,152.9730560,postcode_locality_exact,"MITCHELTON, QLD 4053"
Great Lakes Ceramics - NSW,FORSTER,2428,NSW,FORSTER,2428,-32.1805560,152.5116670,postcode_locality_exact,"FORSTER, NSW 2428"
The Banyan Tree - VIC (COD),CAMBERWELL,3124,VIC,CAMBERWELL,3124,-37.8334095,145.0658766,postcode_locality_exact,"CAMBERWELL, VIC 3124"
Aspire Ceramics - Wodonga (COD) VIC,WEST WODONGA,3690,VIC,WEST WODONGA,3690,-36.1242129,146.8574235,postcode_locality_exact,"WEST WODONGA, VIC 3690"
Dezine/Van Dieman Ceramics - (COD) TAS,SOUTH LAUNCESTON,7249,TAS,SOUTH LAUNCESTON,7249,-41.4552780,147.1511110,postcode_locality_exact,"SOUTH LAUNCESTON, TAS 7249"
Beaumont Tiles - Wollongong (F) (NEW) NSW,WOLLONGONG,2500,NSW,WOLLONGONG,2500,-34.4278121,150.8930607,postcode_locality_exact,"WOLLONGONG, NSW 2500"
Rob Cousens - Nunawading VIC,NUNAWADING,3131,VIC,NUNAWADING,3131,-37.8184273,145.1760206,postcode_locality_exact,"NUNAWADING, VIC 3131"
"Muswellbrook Tiles, Paint & Accessories",MUSWELLBROOK,2333,NSW,MUSWELLBROOK,2333,-32.2848467,150.9049638,postcode_locality_exact,"MUSWELLBROOK, NSW 2333"
Elegance Tiles Artistic Tile Design|VIC,ASCOT VALE,3032,VIC,ASCOT VALE,3032,-37.7767444,144.9110705,postcode_locality_exact,"ASCOT VALE, VIC 3032"
Bedrock Ceramic -AlbionParkNSW (COD),ALBION PARK RAIL,2527,NSW,ALBION PARK RAIL,2527,-34.5666670,150.7916670,postcode_locality_exact,"ALBION PARK RAIL, NSW 2527"
H & Y Tiles - Guilford NSW (COD),GUILFORD,2161,NSW,GUILDFORD,2161,-33.8557329,150.9950627,postcode_locality_fuzzy,"GUILDFORD, NSW 2161"
Austile Ceramics - NSW (COD),JAMISONTOWN,2750,NSW,JAMISONTOWN,2750,-33.7682900,150.6723800,postcode_locality_exact,"JAMISONTOWN, NSW 2750"
Deco Tiles & Bathroom - Rydalmere NSW,RYDALMERE,2116,NSW,RYDALMERE,2116,-33.8124093,151.0384023,postcode_locality_exact,"RYDALMERE, NSW 2116"
Beaumont Tiles - Prospect (F) NSW,PROSPECT,2148,NSW,PROSPECT,2148,-33.7981153,150.9176528,postcode_locality_exact,"PROSPECT, NSW 2148"
Flooring Now Tuggerah,Tuggerah,2259,NSW,TUGGERAH,2259,-33.2990000,151.4350000,postcode_locality_exact,"TUGGERAH, NSW 2259"
Urban Classic & Contemporary Furniture - VIC,AIRPORT WEST,3042,VIC,AIRPORT WEST,3042,-37.7262340,144.8813526,postcode_locality_exact,"AIRPORT WEST, VIC 3042"
Amalgamated Group Management,Meadowbrook,4131,QLD,MEADOWBROOK,4131,-27.6666670,153.1500000,postcode_locality_exact,"MEADOWBROOK, QLD 4131"
Commercial Cleaners Brisbane,WATERFORD,4133,QLD,WATERFORD,4133,-27.7108000,153.1469000,postcode_locality_exact,"WATERFORD, QLD 4133"
Wagga Tile Centre - NSW (COD),WAGGA WAGGA,2650,NSW,WAGGA WAGGA,2650,-35.1081689,147.3598323,postcode_locality_exact,"WAGGA WAGGA, NSW 2650"
Sole Bros,Byron Bay,2481,NSW,BYRON BAY,2481,-28.6473671,153.6019770,postcode_locality_exact,"BYRON BAY, NSW 2481"
Mitre 10 - Bendigo|GoldenCity(784051) VIC,HEATHERTON,3202,VIC,HEATHERTON,3202,-37.9529597,145.0879338,postcode_locality_exact,"HEATHERTON, VIC 3202"
Inspirations Paint - Cooma (COD),COOMA,2630,NSW,COOMA,2630,-36.2268655,149.1297882,postcode_locality_exact,"COOMA, NSW 2630"
PROTRADE WAREHOUSE,RYDALMERE,2116,NSW,RYDALMERE,2116,-33.8124093,151.0384023,postcode_locality_exact,"RYDALMERE, NSW 2116"
Beaumont Tiles - Gregory Hills (F) NSW,GREGORY HILLS,2557,NSW,GREGORY HILLS,2557,-34.0308000,150.7770000,postcode_locality_exact,"GREGORY HILLS, NSW 2557"
